{
  "Inst1": [
    {
      "date": "2024-09-23",
      "price": 94.42
    },
    {
      "date": "2024-12-23",
      "price": 96.44
    },
    {
      "date": "2024-10-09",
      "price": 97.02
    },
    {
      "date": "2023-11-28",
      "price": 97.93
    },
    {
      "date": "2024-08-06",
      "price": 97.11
    },
    {
      "date": "2024-10-18",
      "price": 98.26
    },
    {
      "date": "2023-08-01",
      "price": 99.31
    },
    {
      "date": "2024-05-08",
      "price": 95.6
    },
    {
      "date": "2024-04-10",
      "price": 97.42
    },
    {
      "date": "2025-01-06",
      "price": 103.04
    },
    {
      "date": "2023-07-04",
      "price": 93.48
    },
    {
      "date": "2025-01-09",
      "price": 99.65
    },
    {
      "date": "2023-04-05",
      "price": 89.53
    },
    {
      "date": "2024-11-11",
      "price": 88.6
    },
    {
      "date": "2023-05-30",
      "price": 106.53
    },
    {
      "date": "2024-08-20",
      "price": 103.21
    },
    {
      "date": "2024-04-01",
      "price": 91.93
    },
    {
      "date": "2024-02-28",
      "price": 99.35
    },
    {
      "date": "2025-01-02",
      "price": 94.97
    },
    {
      "date": "2023-03-27",
      "price": 106.65
    },
    {
      "date": "2024-09-27",
      "price": 100.75
    },
    {
      "date": "2024-04-09",
      "price": 101.31
    },
    {
      "date": "2023-11-17",
      "price": 101.15
    },
    {
      "date": "2023-03-16",
      "price": 97.15
    },
    {
      "date": "2024-06-03",
      "price": 95.68
    },
    {
      "date": "2025-03-04",
      "price": 97.79
    },
    {
      "date": "2023-12-20",
      "price": 92.5
    },
    {
      "date": "2024-09-05",
      "price": 104.38
    },
    {
      "date": "2023-06-09",
      "price": 1010.23
    },
    {
      "date": "2023-05-29",
      "price": 101.22
    },
    {
      "date": "2023-07-12",
      "price": 102.66
    },
    {
      "date": "2023-05-08",
      "price": 96.77
    },
    {
      "date": "2023-06-15",
      "price": 92.81
    },
    {
      "date": "2024-01-01",
      "price": 108.23
    },
    {
      "date": "2023-11-13",
      "price": 108.68
    },
    {
      "date": "2024-09-11",
      "price": 100.87
    },
    {
      "date": "2024-11-22",
      "price": 100.3
    },
    {
      "date": "2024-06-14",
      "price": 104.47
    },
    {
      "date": "2024-04-17",
      "price": 99.67
    },
    {
      "date": "2023-04-19",
      "price": 95.44
    },
    {
      "date": "2023-05-03",
      "price": 97.54
    },
    {
      "date": "2023-10-11",
      "price": 94.63
    },
    {
      "date": "2023-05-25",
      "price": 101.33
    },
    {
      "date": "2024-09-30",
      "price": 85.72
    },
    {
      "date": "2024-05-23",
      "price": 96.59
    },
    {
      "date": "2024-12-09",
      "price": 95.69
    },
    {
      "date": "2023-06-26",
      "price": 102.68
    },
    {
      "date": "2024-07-16",
      "price": 106.24
    },
    {
      "date": "2023-07-10",
      "price": 99.81
    },
    {
      "date": "2023-09-13",
      "price": 106.07
    },
    {
      "date": "2023-11-15",
      "price": 102.73
    },
    {
      "date": "2024-05-29",
      "price": 97.71
    },
    {
      "date": "2023-05-18",
      "price": 96.1
    },
    {
      "date": "2024-03-22",
      "price": 105.96
    },
    {
      "date": "2023-05-17",
      "price": 102.07
    },
    {
      "date": "2024-12-24",
      "price": 100.75
    },
    {
      "date": "2023-08-02",
      "price": 93.62
    },
    {
      "date": "2024-07-19",
      "price": 101.08
    },
    {
      "date": "2023-10-23",
      "price": 103.16
    },
    {
      "date": "2023-10-10",
      "price": 105.09
    },
    {
      "date": "2024-01-04",
      "price": 106.11
    },
    {
      "date": "2024-04-05",
      "price": 108.74
    },
    {
      "date": "2024-10-21",
      "price": 105.43
    },
    {
      "date": "2024-05-17",
      "price": 97.02
    },
    {
      "date": "2023-11-01",
      "price": 97.78
    },
    {
      "date": "2024-01-18",
      "price": 90.44
    },
    {
      "date": "2024-04-04",
      "price": 100.6
    },
    {
      "date": "2023-08-16",
      "price": 92.68
    },
    {
      "date": "2024-05-24",
      "price": 93.96
    },
    {
      "date": "2024-11-25",
      "price": 97.89
    },
    {
      "date": "2025-01-07",
      "price": 101.42
    },
    {
      "date": "2024-04-16",
      "price": 101.78
    },
    {
      "date": "2024-11-04",
      "price": 103.26
    },
    {
      "date": "2024-11-07",
      "price": 104.37
    },
    {
      "date": "2025-02-14",
      "price": 105.65
    },
    {
      "date": "2023-04-27",
      "price": 101.34
    },
    {
      "date": "2023-09-08",
      "price": 99.01
    },
    {
      "date": "2024-11-27",
      "price": 97.77
    },
    {
      "date": "2023-08-11",
      "price": 112.16
    },
    {
      "date": "2023-11-21",
      "price": 98.36
    },
    {
      "date": "2024-08-29",
      "price": 98.7
    },
    {
      "date": "2024-04-15",
      "price": 101.59
    },
    {
      "date": "2025-01-20",
      "price": 100.77
    },
    {
      "date": "2024-09-18",
      "price": 95.48
    },
    {
      "date": "2024-05-01",
      "price": 96.82
    },
    {
      "date": "2023-04-12",
      "price": 102.38
    },
    {
      "date": "2025-01-01",
      "price": 102.74
    },
    {
      "date": "2024-06-27",
      "price": 97.49
    },
    {
      "date": "2025-02-04",
      "price": 103.41
    },
    {
      "date": "2023-08-08",
      "price": 104.61
    },
    {
      "date": "2025-02-25",
      "price": 97.32
    },
    {
      "date": "2023-09-07",
      "price": 111.86
    },
    {
      "date": "2024-08-13",
      "price": 102.86
    },
    {
      "date": "2023-04-11",
      "price": 99.35
    },
    {
      "date": "2023-06-22",
      "price": 100.5
    },
    {
      "date": "2023-08-24",
      "price": 103.87
    },
    {
      "date": "2023-06-07",
      "price": 92.84
    },
    {
      "date": "2023-03-13",
      "price": 98.45
    },
    {
      "date": "2023-04-26",
      "price": 103.94
    },
    {
      "date": "2023-09-12",
      "price": 103.48
    },
    {
      "date": "2024-02-15",
      "price": 100.37
    },
    {
      "date": "2024-10-14",
      "price": 92.41
    },
    {
      "date": "2023-06-19",
      "price": 101.7
    },
    {
      "date": "2023-04-07",
      "price": 105.42
    },
    {
      "date": "2024-01-02",
      "price": 99.37
    },
    {
      "date": "2025-02-20",
      "price": 107.78
    },
    {
      "date": "2023-07-18",
      "price": 104.24
    },
    {
      "date": "2023-08-03",
      "price": 97.1
    },
    {
      "date": "2024-07-29",
      "price": 103.31
    },
    {
      "date": "2024-02-05",
      "price": 97.31
    },
    {
      "date": "2024-01-12",
      "price": 103.67
    },
    {
      "date": "2025-02-13",
      "price": 104.84
    },
    {
      "date": "2024-04-26",
      "price": 91.92
    },
    {
      "date": "2024-09-17",
      "price": 97.28
    },
    {
      "date": "2023-11-22",
      "price": 105.94
    },
    {
      "date": "2024-10-30",
      "price": 98.51
    },
    {
      "date": "2023-08-17",
      "price": 102.44
    },
    {
      "date": "2024-02-27",
      "price": 105.08
    },
    {
      "date": "2024-12-20",
      "price": 98.6
    },
    {
      "date": "2023-08-31",
      "price": 102.66
    },
    {
      "date": "2023-11-02",
      "price": 91.94
    },
    {
      "date": "2023-12-14",
      "price": 103.38
    },
    {
      "date": "2023-07-25",
      "price": 99.29
    },
    {
      "date": "2023-10-02",
      "price": 98.79
    },
    {
      "date": "2024-04-29",
      "price": 100.62
    },
    {
      "date": "2024-06-19",
      "price": 100.36
    },
    {
      "date": "2024-01-08",
      "price": 102.86
    },
    {
      "date": "2024-06-06",
      "price": 89.67
    },
    {
      "date": "2024-12-26",
      "price": 106.03
    },
    {
      "date": "2024-02-07",
      "price": 105.1
    },
    {
      "date": "2024-05-20",
      "price": 94.44
    },
    {
      "date": "2023-05-23",
      "price": 95.64
    },
    {
      "date": "2024-05-15",
      "price": 102.61
    },
    {
      "date": "2023-05-24",
      "price": 104.11
    },
    {
      "date": "2023-11-27",
      "price": 98.1
    },
    {
      "date": "2023-08-04",
      "price": 100.89
    },
    {
      "date": "2023-11-16",
      "price": 100.43
    },
    {
      "date": "2024-06-21",
      "price": 103.46
    },
    {
      "date": "2025-02-28",
      "price": 105.39
    },
    {
      "date": "2023-05-05",
      "price": 94.36
    },
    {
      "date": "2023-12-19",
      "price": 1071.06
    },
    {
      "date": "2023-03-29",
      "price": 107.53
    },
    {
      "date": "2024-01-25",
      "price": 103.6
    },
    {
      "date": "2023-04-06",
      "price": 103.85
    },
    {
      "date": "2024-02-06",
      "price": 103.34
    },
    {
      "date": "2023-12-18",
      "price": 103.57
    },
    {
      "date": "2025-01-16",
      "price": 102.03
    },
    {
      "date": "2024-12-03",
      "price": 97.01
    },
    {
      "date": "2023-04-10",
      "price": 94.08
    },
    {
      "date": "2023-10-27",
      "price": 100.3
    },
    {
      "date": "2023-07-31",
      "price": 95.98
    },
    {
      "date": "2024-03-18",
      "price": 101.23
    },
    {
      "date": "2024-04-18",
      "price": 93.21
    },
    {
      "date": "2025-02-19",
      "price": 94.83
    },
    {
      "date": "2024-10-16",
      "price": 99.73
    },
    {
      "date": "2023-04-28",
      "price": 97.61
    },
    {
      "date": "2024-08-05",
      "price": 105.2
    },
    {
      "date": "2024-11-14",
      "price": 101.54
    },
    {
      "date": "2023-09-11",
      "price": 103.92
    },
    {
      "date": "2024-07-11",
      "price": 1040.44
    },
    {
      "date": "2023-08-09",
      "price": 1013.54
    },
    {
      "date": "2023-11-23",
      "price": 94.24
    },
    {
      "date": "2023-04-21",
      "price": 100.2
    },
    {
      "date": "2024-05-28",
      "price": 102.37
    },
    {
      "date": "2023-03-24",
      "price": 95.02
    },
    {
      "date": "2024-07-25",
      "price": 95.81
    },
    {
      "date": "2023-07-26",
      "price": 105.62
    },
    {
      "date": "2024-01-31",
      "price": 100.47
    },
    {
      "date": "2024-10-22",
      "price": 105.69
    },
    {
      "date": "2023-05-02",
      "price": 101.6
    },
    {
      "date": "2024-09-13",
      "price": 96.37
    },
    {
      "date": "2023-03-28",
      "price": 103.93
    },
    {
      "date": "2024-06-26",
      "price": 97.83
    },
    {
      "date": "2023-09-18",
      "price": 104.58
    },
    {
      "date": "2023-04-24",
      "price": 98.51
    },
    {
      "date": "2024-07-09",
      "price": 98.31
    },
    {
      "date": "2023-09-06",
      "price": 108.34
    },
    {
      "date": "2023-12-22",
      "price": 103.29
    },
    {
      "date": "2023-07-14",
      "price": 98.22
    },
    {
      "date": "2023-09-27",
      "price": 104.37
    },
    {
      "date": "2024-06-17",
      "price": 110.1
    },
    {
      "date": "2023-11-24",
      "price": 96.21
    },
    {
      "date": "2024-02-13",
      "price": 105.71
    },
    {
      "date": "2024-07-31",
      "price": 102.97
    },
    {
      "date": "2025-02-17",
      "price": 97.0
    },
    {
      "date": "2024-03-06",
      "price": 99.48
    },
    {
      "date": "2024-09-10",
      "price": 98.0
    },
    {
      "date": "2024-11-18",
      "price": 102.95
    },
    {
      "date": "2024-02-29",
      "price": 102.18
    },
    {
      "date": "2025-02-10",
      "price": 105.36
    },
    {
      "date": "2024-08-21",
      "price": 91.85
    },
    {
      "date": "2023-07-20",
      "price": 101.74
    },
    {
      "date": "2024-03-20",
      "price": 95.47
    },
    {
      "date": "2024-05-31",
      "price": 99.57
    },
    {
      "date": "2023-08-07",
      "price": 98.59
    },
    {
      "date": "2023-10-17",
      "price": 103.5
    },
    {
      "date": "2023-04-04",
      "price": 96.88
    },
    {
      "date": "2025-01-13",
      "price": 102.53
    },
    {
      "date": "2023-03-30",
      "price": 101.8
    },
    {
      "date": "2025-03-03",
      "price": 101.98
    },
    {
      "date": "2024-11-05",
      "price": 107.59
    },
    {
      "date": "2024-12-19",
      "price": 102.83
    },
    {
      "date": "2024-05-16",
      "price": 99.9
    },
    {
      "date": "2023-12-13",
      "price": 99.74
    },
    {
      "date": "2025-02-06",
      "price": 94.46
    },
    {
      "date": "2023-11-10",
      "price": 104.07
    },
    {
      "date": "2024-03-12",
      "price": 104.7
    },
    {
      "date": "2024-04-19",
      "price": 98.88
    },
    {
      "date": "2024-01-19",
      "price": 89.09
    },
    {
      "date": "2023-10-26",
      "price": 97.03
    },
    {
      "date": "2023-05-26",
      "price": 93.35
    },
    {
      "date": "2024-02-21",
      "price": 100.08
    },
    {
      "date": "2023-12-15",
      "price": 92.76
    },
    {
      "date": "2024-03-01",
      "price": 104.13
    },
    {
      "date": "2024-08-30",
      "price": 94.09
    },
    {
      "date": "2024-05-27",
      "price": 98.32
    },
    {
      "date": "2023-11-09",
      "price": 101.05
    },
    {
      "date": "2024-06-07",
      "price": 96.33
    },
    {
      "date": "2023-12-12",
      "price": 99.74
    },
    {
      "date": "2024-06-05",
      "price": 101.06
    },
    {
      "date": "2023-10-09",
      "price": 99.36
    },
    {
      "date": "2024-07-30",
      "price": 96.53
    },
    {
      "date": "2023-10-24",
      "price": 92.41
    },
    {
      "date": "2023-12-28",
      "price": 99.27
    },
    {
      "date": "2024-05-14",
      "price": 104.54
    },
    {
      "date": "2023-03-22",
      "price": 96.99
    },
    {
      "date": "2025-02-12",
      "price": 87.74
    },
    {
      "date": "2023-09-21",
      "price": 96.68
    },
    {
      "date": "2024-10-10",
      "price": 101.17
    },
    {
      "date": "2023-05-16",
      "price": 103.66
    },
    {
      "date": "2024-06-28",
      "price": 97.25
    },
    {
      "date": "2024-11-06",
      "price": 95.64
    },
    {
      "date": "2023-07-06",
      "price": 98.82
    },
    {
      "date": "2023-07-28",
      "price": 106.81
    },
    {
      "date": "2024-08-22",
      "price": 105.55
    },
    {
      "date": "2024-05-06",
      "price": 100.85
    },
    {
      "date": "2023-11-20",
      "price": 91.99
    },
    {
      "date": "2023-08-14",
      "price": 94.02
    },
    {
      "date": "2024-12-13",
      "price": 93.88
    },
    {
      "date": "2023-10-16",
      "price": 94.16
    },
    {
      "date": "2024-11-12",
      "price": 96.5
    },
    {
      "date": "2023-05-11",
      "price": 95.08
    },
    {
      "date": "2024-12-04",
      "price": 101.21
    },
    {
      "date": "2024-03-07",
      "price": 101.99
    },
    {
      "date": "2023-05-01",
      "price": 98.07
    },
    {
      "date": "2024-06-25",
      "price": 100.96
    },
    {
      "date": "2024-09-02",
      "price": 96.21
    },
    {
      "date": "2024-05-13",
      "price": 99.79
    },
    {
      "date": "2023-05-31",
      "price": 88.56
    },
    {
      "date": "2025-01-28",
      "price": 104.65
    },
    {
      "date": "2023-11-07",
      "price": 97.17
    },
    {
      "date": "2024-10-24",
      "price": 111.57
    },
    {
      "date": "2025-02-26",
      "price": 97.63
    },
    {
      "date": "2024-10-31",
      "price": 106.89
    },
    {
      "date": "2024-04-30",
      "price": 103.85
    },
    {
      "date": "2023-12-29",
      "price": 88.44
    },
    {
      "date": "2024-08-27",
      "price": 95.17
    },
    {
      "date": "2024-01-26",
      "price": 96.61
    },
    {
      "date": "2023-08-25",
      "price": 102.65
    },
    {
      "date": "2023-08-21",
      "price": 95.48
    },
    {
      "date": "2024-08-08",
      "price": 105.96
    },
    {
      "date": "2024-01-17",
      "price": 101.37
    },
    {
      "date": "2023-10-03",
      "price": 99.57
    },
    {
      "date": "2023-07-03",
      "price": 95.43
    },
    {
      "date": "2025-02-03",
      "price": 108.15
    },
    {
      "date": "2023-06-08",
      "price": 99.93
    },
    {
      "date": "2023-10-20",
      "price": 96.59
    },
    {
      "date": "2025-02-27",
      "price": 95.47
    },
    {
      "date": "2023-12-26",
      "price": 96.07
    },
    {
      "date": "2024-06-12",
      "price": 103.85
    },
    {
      "date": "2024-06-18",
      "price": 96.67
    },
    {
      "date": "2024-05-09",
      "price": 102.95
    },
    {
      "date": "2024-08-19",
      "price": 100.21
    },
    {
      "date": "2024-02-23",
      "price": 102.7
    },
    {
      "date": "2024-07-18",
      "price": 107.03
    },
    {
      "date": "2023-10-18",
      "price": 98.52
    },
    {
      "date": "2023-07-21",
      "price": 103.87
    },
    {
      "date": "2024-02-02",
      "price": 104.42
    },
    {
      "date": "2024-08-01",
      "price": 106.21
    },
    {
      "date": "2024-08-28",
      "price": 105.89
    },
    {
      "date": "2023-11-14",
      "price": 93.8
    },
    {
      "date": "2024-10-04",
      "price": 92.17
    },
    {
      "date": "2024-05-07",
      "price": 106.39
    },
    {
      "date": "2024-03-05",
      "price": 103.72
    },
    {
      "date": "2023-06-30",
      "price": 94.96
    },
    {
      "date": "2023-10-31",
      "price": 94.91
    },
    {
      "date": "2023-03-17",
      "price": 102.71
    },
    {
      "date": "2023-09-15",
      "price": 99.78
    },
    {
      "date": "2025-01-10",
      "price": 94.89
    },
    {
      "date": "2024-07-02",
      "price": 99.47
    },
    {
      "date": "2024-08-15",
      "price": 92.29
    },
    {
      "date": "2024-06-10",
      "price": 93.37
    },
    {
      "date": "2024-04-24",
      "price": 98.61
    },
    {
      "date": "2024-03-21",
      "price": 101.92
    },
    {
      "date": "2023-10-25",
      "price": 100.52
    },
    {
      "date": "2023-09-29",
      "price": 100.38
    },
    {
      "date": "2023-10-12",
      "price": 94.3
    },
    {
      "date": "2024-06-20",
      "price": 105.92
    },
    {
      "date": "2023-07-19",
      "price": 98.56
    },
    {
      "date": "2025-01-17",
      "price": 96.2
    },
    {
      "date": "2023-09-14",
      "price": 98.17
    },
    {
      "date": "2025-01-30",
      "price": 90.08
    },
    {
      "date": "2023-09-01",
      "price": 96.12
    },
    {
      "date": "2023-06-29",
      "price": 105.45
    },
    {
      "date": "2024-09-06",
      "price": 96.9
    },
    {
      "date": "2023-06-02",
      "price": 88.62
    },
    {
      "date": "2023-07-13",
      "price": 98.56
    },
    {
      "date": "2023-04-18",
      "price": 93.27
    },
    {
      "date": "2023-06-16",
      "price": 98.73
    },
    {
      "date": "2023-12-11",
      "price": 103.17
    },
    {
      "date": "2024-10-02",
      "price": 100.14
    },
    {
      "date": "2024-09-09",
      "price": 94.91
    },
    {
      "date": "2024-05-10",
      "price": 102.22
    },
    {
      "date": "2024-09-20",
      "price": 96.63
    },
    {
      "date": "2024-02-01",
      "price": 98.04
    },
    {
      "date": "2024-03-11",
      "price": 98.75
    },
    {
      "date": "2024-11-08",
      "price": 105.26
    },
    {
      "date": "2024-02-12",
      "price": 96.96
    },
    {
      "date": "2023-09-25",
      "price": 92.07
    },
    {
      "date": "2024-04-23",
      "price": 104.95
    },
    {
      "date": "2024-10-01",
      "price": 104.33
    },
    {
      "date": "2025-01-29",
      "price": 104.16
    },
    {
      "date": "2023-03-15",
      "price": 95.43
    },
    {
      "date": "2024-12-18",
      "price": 113.09
    },
    {
      "date": "2024-11-29",
      "price": 102.8
    },
    {
      "date": "2023-08-10",
      "price": 100.7
    },
    {
      "date": "2024-10-11",
      "price": 111.44
    },
    {
      "date": "2024-04-22",
      "price": 95.35
    },
    {
      "date": "2025-01-21",
      "price": 94.38
    },
    {
      "date": "2025-02-24",
      "price": 93.5
    },
    {
      "date": "2024-06-24",
      "price": 102.84
    },
    {
      "date": "2024-12-31",
      "price": 94.03
    },
    {
      "date": "2024-03-04",
      "price": 107.01
    },
    {
      "date": "2024-03-15",
      "price": 96.15
    },
    {
      "date": "2023-10-13",
      "price": 104.2
    },
    {
      "date": "2023-07-11",
      "price": 101.0
    },
    {
      "date": "2024-11-15",
      "price": 96.35
    },
    {
      "date": "2023-10-19",
      "price": 106.0
    },
    {
      "date": "2023-06-06",
      "price": 96.58
    },
    {
      "date": "2024-07-22",
      "price": 100.66
    },
    {
      "date": "2024-09-04",
      "price": 90.4
    },
    {
      "date": "2023-05-19",
      "price": 95.65
    },
    {
      "date": "2024-02-19",
      "price": 96.2
    },
    {
      "date": "2023-12-06",
      "price": 98.84
    },
    {
      "date": "2024-12-30",
      "price": 97.55
    },
    {
      "date": "2023-09-22",
      "price": 104.54
    },
    {
      "date": "2023-03-20",
      "price": 91.01
    },
    {
      "date": "2024-12-12",
      "price": 98.26
    },
    {
      "date": "2025-03-05",
      "price": 100.25
    },
    {
      "date": "2023-12-07",
      "price": 95.76
    },
    {
      "date": "2024-10-23",
      "price": 103.49
    },
    {
      "date": "2023-06-14",
      "price": 1062.68
    },
    {
      "date": "2025-01-23",
      "price": 91.45
    },
    {
      "date": "2023-08-28",
      "price": 911.85
    },
    {
      "date": "2023-09-20",
      "price": 97.79
    },
    {
      "date": "2023-08-29",
      "price": 94.35
    },
    {
      "date": "2023-06-20",
      "price": 101.43
    },
    {
      "date": "2024-10-17",
      "price": 92.46
    },
    {
      "date": "2025-02-21",
      "price": 103.03
    },
    {
      "date": "2025-01-27",
      "price": 96.33
    },
    {
      "date": "2023-09-04",
      "price": 99.71
    },
    {
      "date": "2023-12-08",
      "price": 87.27
    },
    {
      "date": "2024-12-06",
      "price": 104.48
    },
    {
      "date": "2024-12-11",
      "price": 102.22
    },
    {
      "date": "2024-12-05",
      "price": 107.46
    },
    {
      "date": "2023-08-15",
      "price": 95.72
    },
    {
      "date": "2024-11-26",
      "price": 100.48
    },
    {
      "date": "2024-08-23",
      "price": 109.12
    },
    {
      "date": "2024-03-25",
      "price": 95.94
    },
    {
      "date": "2025-03-06",
      "price": 88.2
    },
    {
      "date": "2024-02-09",
      "price": 96.31
    },
    {
      "date": "2024-09-24",
      "price": 102.89
    },
    {
      "date": "2024-02-16",
      "price": 102.46
    },
    {
      "date": "2023-06-23",
      "price": 101.71
    },
    {
      "date": "2023-11-29",
      "price": 104.66
    },
    {
      "date": "2023-11-03",
      "price": 103.47
    },
    {
      "date": "2024-03-19",
      "price": 103.65
    },
    {
      "date": "2024-10-07",
      "price": 982.88
    },
    {
      "date": "2024-07-08",
      "price": 102.79
    },
    {
      "date": "2024-01-11",
      "price": 94.91
    },
    {
      "date": "2023-06-12",
      "price": 1022.18
    },
    {
      "date": "2024-02-08",
      "price": 99.4
    },
    {
      "date": "2024-10-28",
      "price": 105.31
    },
    {
      "date": "2024-01-24",
      "price": 104.25
    },
    {
      "date": "2024-08-12",
      "price": 101.72
    },
    {
      "date": "2023-06-01",
      "price": 109.9
    },
    {
      "date": "2023-03-21",
      "price": 101.2
    },
    {
      "date": "2023-06-13",
      "price": 99.3
    },
    {
      "date": "2024-08-26",
      "price": 94.86
    },
    {
      "date": "2023-05-10",
      "price": 91.89
    },
    {
      "date": "2025-01-14",
      "price": 105.52
    },
    {
      "date": "2023-07-27",
      "price": 91.51
    },
    {
      "date": "2024-08-14",
      "price": 99.27
    },
    {
      "date": "2023-10-04",
      "price": 94.37
    },
    {
      "date": "2024-07-17",
      "price": 96.33
    },
    {
      "date": "2023-04-25",
      "price": 98.41
    },
    {
      "date": "2025-02-18",
      "price": 108.75
    },
    {
      "date": "2024-01-16",
      "price": 102.97
    },
    {
      "date": "2023-07-07",
      "price": 105.59
    },
    {
      "date": "2023-05-15",
      "price": 99.38
    },
    {
      "date": "2025-03-11",
      "price": 98.8
    },
    {
      "date": "2024-09-12",
      "price": 102.09
    },
    {
      "date": "2024-04-25",
      "price": 98.3
    },
    {
      "date": "2024-07-15",
      "price": 102.26
    },
    {
      "date": "2023-12-27",
      "price": 107.9
    },
    {
      "date": "2024-08-02",
      "price": 98.66
    },
    {
      "date": "2024-03-28",
      "price": 102.1
    },
    {
      "date": "2023-12-04",
      "price": 107.92
    },
    {
      "date": "2024-08-07",
      "price": 102.63
    },
    {
      "date": "2023-12-05",
      "price": 99.23
    },
    {
      "date": "2024-06-04",
      "price": 96.34
    },
    {
      "date": "2024-02-22",
      "price": 1005.27
    },
    {
      "date": "2023-10-06",
      "price": 90.18
    },
    {
      "date": "2024-05-02",
      "price": 108.27
    },
    {
      "date": "2024-07-26",
      "price": 98.92
    },
    {
      "date": "2025-01-31",
      "price": 103.31
    },
    {
      "date": "2024-01-10",
      "price": 101.47
    },
    {
      "date": "2024-09-16",
      "price": 103.91
    },
    {
      "date": "2024-01-15",
      "price": 92.85
    },
    {
      "date": "2024-01-22",
      "price": 104.92
    },
    {
      "date": "2023-04-13",
      "price": 95.58
    },
    {
      "date": "2024-01-29",
      "price": 97.47
    },
    {
      "date": "2023-12-25",
      "price": 89.81
    },
    {
      "date": "2024-12-02",
      "price": 98.83
    },
    {
      "date": "2024-04-12",
      "price": 100.0
    },
    {
      "date": "2023-10-30",
      "price": 100.81
    },
    {
      "date": "2024-02-20",
      "price": 93.16
    },
    {
      "date": "2024-04-11",
      "price": 102.17
    },
    {
      "date": "2024-11-01",
      "price": 103.74
    },
    {
      "date": "2023-07-09",
      "price": 150.45
    },
    {
      "date": "2024-10-08",
      "price": 101.9
    },
    {
      "date": "2024-12-17",
      "price": 100.21
    },
    {
      "date": "2023-10-05",
      "price": 95.86
    },
    {
      "date": "2025-02-07",
      "price": 85.58
    },
    {
      "date": "2023-04-20",
      "price": 96.32
    },
    {
      "date": "2024-12-27",
      "price": 101.4
    },
    {
      "date": "2023-07-17",
      "price": 94.84
    },
    {
      "date": "2024-05-22",
      "price": 103.67
    },
    {
      "date": "2024-10-15",
      "price": 111.55
    },
    {
      "date": "2023-05-12",
      "price": 107.17
    },
    {
      "date": "2025-01-08",
      "price": 107.62
    },
    {
      "date": "2023-05-09",
      "price": 105.62
    },
    {
      "date": "2024-02-31",
      "price": 105.67
    },
    {
      "date": "2024-01-09",
      "price": 92.62
    },
    {
      "date": "2024-07-10",
      "price": 99.45
    },
    {
      "date": "2024-01-30",
      "price": 97.9
    },
    {
      "date": "2024-01-03",
      "price": 105.71
    },
    {
      "date": "2024-11-28",
      "price": 96.63
    },
    {
      "date": "2024-03-14",
      "price": 103.33
    },
    {
      "date": "2025-02-05",
      "price": 96.81
    },
    {
      "date": "2024-04-02",
      "price": 104.15
    },
    {
      "date": "2023-11-30",
      "price": 98.45
    },
    {
      "date": "2024-05-21",
      "price": 100.64
    },
    {
      "date": "2023-04-14",
      "price": 104.3
    },
    {
      "date": "2023-06-27",
      "price": 103.73
    },
    {
      "date": "2023-06-05",
      "price": 96.25
    },
    {
      "date": "2024-08-09",
      "price": 106.62
    },
    {
      "date": "2024-10-25",
      "price": 89.83
    },
    {
      "date": "2023-12-21",
      "price": 100.07
    },
    {
      "date": "2023-08-18",
      "price": 103.0
    },
    {
      "date": "2024-07-03",
      "price": 106.29
    },
    {
      "date": "2024-07-24",
      "price": 96.83
    },
    {
      "date": "2024-07-12",
      "price": 101.23
    },
    {
      "date": "2023-07-24",
      "price": 91.24
    },
    {
      "date": "2023-03-23",
      "price": 95.29
    },
    {
      "date": "2024-09-19",
      "price": 101.61
    },
    {
      "date": "2023-03-31",
      "price": 94.82
    },
    {
      "date": "2024-03-13",
      "price": 105.2
    },
    {
      "date": "2024-07-01",
      "price": 101.61
    },
    {
      "date": "2024-01-23",
      "price": 103.17
    },
    {
      "date": "2025-01-24",
      "price": 100.85
    },
    {
      "date": "2024-03-26",
      "price": 101.07
    },
    {
      "date": "2023-05-04",
      "price": 104.15
    },
    {
      "date": "2025-03-10",
      "price": 96.69
    },
    {
      "date": "2024-12-10",
      "price": 100.74
    },
    {
      "date": "2025-01-03",
      "price": 1044.79
    },
    {
      "date": "2023-09-26",
      "price": 105.5
    },
    {
      "date": "2024-10-03",
      "price": 104.81
    },
    {
      "date": "2024-11-13",
      "price": 93.08
    },
    {
      "date": "2023-08-22",
      "price": 95.67
    },
    {
      "date": "2024-03-29",
      "price": 92.84
    },
    {
      "date": "2023-11-06",
      "price": 97.88
    },
    {
      "date": "2023-08-23",
      "price": 102.76
    },
    {
      "date": "2025-01-15",
      "price": 92.55
    },
    {
      "date": "2024-03-08",
      "price": 98.17
    },
    {
      "date": "2025-03-07",
      "price": 93.96
    },
    {
      "date": "2023-09-19",
      "price": 96.9
    },
    {
      "date": "2024-05-30",
      "price": 101.79
    },
    {
      "date": "2024-02-26",
      "price": 96.61
    },
    {
      "date": "2024-11-20",
      "price": 96.16
    },
    {
      "date": "2023-08-30",
      "price": 90.66
    },
    {
      "date": "2024-07-23",
      "price": 104.29
    },
    {
      "date": "2024-07-04",
      "price": 106.75
    },
    {
      "date": "2024-11-21",
      "price": 98.19
    },
    {
      "date": "2024-04-08",
      "price": 101.3
    },
    {
      "date": "2024-02-14",
      "price": 99.1
    },
    {
      "date": "2023-11-08",
      "price": 96.13
    },
    {
      "date": "2023-09-05",
      "price": 98.69
    },
    {
      "date": "2024-09-03",
      "price": 98.89
    },
    {
      "date": "2023-09-28",
      "price": 100.51
    },
    {
      "date": "2023-04-17",
      "price": 99.35
    },
    {
      "date": "2025-01-22",
      "price": 105.49
    },
    {
      "date": "2023-06-28",
      "price": 93.17
    },
    {
      "date": "2023-07-05",
      "price": 98.65
    },
    {
      "date": "2024-05-03",
      "price": 94.55
    },
    {
      "date": "2023-03-14",
      "price": 101.89
    },
    {
      "date": "2024-10-29",
      "price": 104.97
    },
    {
      "date": "2024-09-26",
      "price": 104.12
    },
    {
      "date": "2025-02-11",
      "price": 92.55
    },
    {
      "date": "2024-12-25",
      "price": 93.93
    },
    {
      "date": "2024-03-27",
      "price": 101.64
    },
    {
      "date": "2024-06-13",
      "price": 106.76
    },
    {
      "date": "2023-05-22",
      "price": 97.5
    },
    {
      "date": "2024-09-25",
      "price": 107.63
    },
    {
      "date": "2024-01-05",
      "price": 102.87
    },
    {
      "date": "2023-06-21",
      "price": 101.71
    },
    {
      "date": "2024-12-16",
      "price": 101.8
    },
    {
      "date": "2024-04-03",
      "price": 101.52
    },
    {
      "date": "2024-06-11",
      "price": 92.88
    },
    {
      "date": "2024-07-05",
      "price": 103.55
    },
    {
      "date": "2024-11-19",
      "price": 98.25
    },
    {
      "date": "2023-12-01",
      "price": 101.22
    },
    {
      "date": "2024-08-16",
      "price": 105.64
    },
    {
      "date": "2023-04-03",
      "price": 104.29
    }
  ],
  "Inst2": [
    {
      "date": "2024-05-13",
      "price": 90.26
    },
    {
      "date": "2024-06-04",
      "price": 96.35
    },
    {
      "date": "2024-04-30",
      "price": 110.51
    },
    {
      "date": "2023-11-07",
      "price": 100.14
    },
    {
      "date": "2025-02-17",
      "price": 108.74
    },
    {
      "date": "2024-12-13",
      "price": 96.97
    },
    {
      "date": "2024-07-19",
      "price": -106.88
    },
    {
      "date": "2024-04-16",
      "price": 95.51
    },
    {
      "date": "2024-03-13",
      "price": 102.71
    },
    {
      "date": "2024-04-09",
      "price": 107.39
    },
    {
      "date": "2024-13-05",
      "price": 98.23
    },
    {
      "date": "2023-08-11",
      "price": 115.03
    },
    {
      "date": "2023-12-07",
      "price": 101.02
    },
    {
      "date": "2023-06-15",
      "price": null
    },
    {
      "date": "2024-03-29",
      "price": 100.31
    },
    {
      "date": "2024-07-29",
      "price": 101.24
    },
    {
      "date": "2025-01-15",
      "price": 97.57
    },
    {
      "date": "2024-11-18",
      "price": 104.48
    },
    {
      "date": "2023-05-03",
      "price": 96.35
    },
    {
      "date": "2025-02-13",
      "price": 95.67
    },
    {
      "date": "2023-12-27",
      "price": 101.42
    },
    {
      "date": "2024-01-10",
      "price": 97.07
    },
    {
      "date": "2023-10-06",
      "price": 94.43
    },
    {
      "date": "2023-06-22",
      "price": 93.73
    },
    {
      "date": "2023-10-09",
      "price": 102.56
    },
    {
      "date": "2023-11-02",
      "price": 96.02
    },
    {
      "date": "2023-03-15",
      "price": 85.72
    },
    {
      "date": "2025-01-10",
      "price": 94.74
    },
    {
      "date": "2023-10-27",
      "price": 99.35
    },
    {
      "date": "2023-05-16",
      "price": 107.64
    },
    {
      "date": "2023-10-02",
      "price": 102.59
    },
    {
      "date": "2024-11-12",
      "price": 100.82
    },
    {
      "date": "2024-06-03",
      "price": 104.03
    },
    {
      "date": "2023-04-24",
      "price": 99.2
    },
    {
      "date": "2023-06-14",
      "price": 95.54
    },
    {
      "date": "2023-12-15",
      "price": 100.41
    },
    {
      "date": "2023-09-18",
      "price": 104.19
    },
    {
      "date": "2023-06-01",
      "price": 103.91
    },
    {
      "date": "2024-09-25",
      "price": 91.43
    },
    {
      "date": "2023-10-16",
      "price": -93.14
    },
    {
      "date": "2024-12-06",
      "price": 96.75
    },
    {
      "date": "2023-04-03",
      "price": 96.56
    },
    {
      "date": "2024-04-05",
      "price": 87.58
    },
    {
      "date": "2023-09-08",
      "price": 114.34
    },
    {
      "date": "2024-12-05",
      "price": 103.28
    },
    {
      "date": "2024-02-05",
      "price": 97.91
    },
    {
      "date": "2024-03-27",
      "price": 93.58
    },
    {
      "date": "2024-02-07",
      "price": 104.13
    },
    {
      "date": "2023-03-24",
      "price": 97.6
    },
    {
      "date": "2024-02-13",
      "price": 96.1
    },
    {
      "date": "2023-10-04",
      "price": 103.62
    },
    {
      "date": "2024-09-19",
      "price": 94.17
    },
    {
      "date": "2023-09-27",
      "price": 101.58
    },
    {
      "date": "2024-08-13",
      "price": 102.58
    },
    {
      "date": "2023-10-30",
      "price": 105.5
    },
    {
      "date": "2024-02-21",
      "price": 111.89
    },
    {
      "date": "2025-03-11",
      "price": 101.0
    },
    {
      "date": "2024-05-14",
      "price": 108.14
    },
    {
      "date": "2024-07-18",
      "price": 95.95
    },
    {
      "date": "2024-11-06",
      "price": 104.61
    },
    {
      "date": "2024-09-12",
      "price": 98.63
    },
    {
      "date": "2024-08-20",
      "price": 102.35
    },
    {
      "date": "2023-09-11",
      "price": 91.35
    },
    {
      "date": "2023-06-19",
      "price": 98.19
    },
    {
      "date": "2024-01-23",
      "price": 105.75
    },
    {
      "date": "2024-10-15",
      "price": 104.59
    },
    {
      "date": "2024-01-24",
      "price": 95.63
    },
    {
      "date": "2023-04-13",
      "price": 90.24
    },
    {
      "date": "2023-05-22",
      "price": 101.04
    },
    {
      "date": "2024-12-16",
      "price": 110.57
    },
    {
      "date": "2024-10-17",
      "price": 95.56
    },
    {
      "date": "2025-03-04",
      "price": 99.08
    },
    {
      "date": "2024-11-22",
      "price": 98.59
    },
    {
      "date": "2023-08-16",
      "price": 98.82
    },
    {
      "date": "2025-02-04",
      "price": 90.29
    },
    {
      "date": "2024-02-27",
      "price": 102.36
    },
    {
      "date": "2023-10-17",
      "price": 96.16
    },
    {
      "date": "2023-03-23",
      "price": 96.99
    },
    {
      "date": "2024-11-21",
      "price": 108.7
    },
    {
      "date": "2025-02-06",
      "price": 98.19
    },
    {
      "date": "2023-11-15",
      "price": 94.24
    },
    {
      "date": "2024-05-28",
      "price": -98.57
    },
    {
      "date": "2023-03-29",
      "price": 102.15
    },
    {
      "date": "2023-07-28",
      "price": 95.69
    },
    {
      "date": "2024-08-12",
      "price": 100.78
    },
    {
      "date": "2023-09-20",
      "price": 92.07
    },
    {
      "date": "2023-11-10",
      "price": 102.73
    },
    {
      "date": "2023-10-03",
      "price": 94.87
    },
    {
      "date": "2024-09-23",
      "price": 96.4
    },
    {
      "date": "2024-06-13",
      "price": 100.37
    },
    {
      "date": "2023-11-20",
      "price": 106.4
    },
    {
      "date": "2024-10-31",
      "price": 106.77
    },
    {
      "date": "2023-03-17",
      "price": 94.76
    },
    {
      "date": "2024-01-16",
      "price": -103.9
    },
    {
      "date": "2023-12-06",
      "price": 94.6
    },
    {
      "date": "2023-10-31",
      "price": 100.38
    },
    {
      "date": "2023-03-31",
      "price": 100.85
    },
    {
      "date": "2024-11-25",
      "price": 100.16
    },
    {
      "date": "2023-11-22",
      "price": 98.43
    },
    {
      "date": "2024-02-19",
      "price": 99.23
    },
    {
      "date": "2024-07-16",
      "price": 102.35
    },
    {
      "date": "2023-04-12",
      "price": 106.0
    },
    {
      "date": "2024-09-05",
      "price": 102.77
    },
    {
      "date": "2023-09-26",
      "price": 102.39
    },
    {
      "date": "2023-05-11",
      "price": 93.41
    },
    {
      "date": "2024-06-17",
      "price": 116.01
    },
    {
      "date": "2024-02-28",
      "price": 98.88
    },
    {
      "date": "2024-03-26",
      "price": 106.04
    },
    {
      "date": "2024-08-05",
      "price": 91.62
    },
    {
      "date": "2024-06-27",
      "price": 103.74
    },
    {
      "date": "2023-08-23",
      "price": 103.4
    },
    {
      "date": "2024-03-28",
      "price": 101.6
    },
    {
      "date": "2023-11-13",
      "price": 100.29
    },
    {
      "date": "2024-02-26",
      "price": 100.9
    },
    {
      "date": "2023-04-18",
      "price": 98.54
    },
    {
      "date": "2023-11-23",
      "price": 97.93
    },
    {
      "date": "2023-05-05",
      "price": 100.47
    },
    {
      "date": "2023-12-19",
      "price": 104.45
    },
    {
      "date": "2024-08-22",
      "price": 100.26
    },
    {
      "date": "2023-10-11",
      "price": 95.52
    },
    {
      "date": "2025-02-26",
      "price": 105.56
    },
    {
      "date": "2023-07-20",
      "price": 102.98
    },
    {
      "date": "2024-07-26",
      "price": 94.61
    },
    {
      "date": "2024-05-29",
      "price": 99.81
    },
    {
      "date": "2024-10-02",
      "price": 104.83
    },
    {
      "date": "2023-06-13",
      "price": 99.71
    },
    {
      "date": "2024-11-01",
      "price": 91.57
    },
    {
      "date": "2023-03-21",
      "price": 102.51
    },
    {
      "date": "2024-01-05",
      "price": 98.77
    },
    {
      "date": "2023-11-24",
      "price": 101.34
    },
    {
      "date": "2024-07-10",
      "price": 96.08
    },
    {
      "date": "2023-10-18",
      "price": 96.27
    },
    {
      "date": "2025-02-07",
      "price": 101.54
    },
    {
      "date": "2024-03-06",
      "price": 94.96
    },
    {
      "date": "2024-12-19",
      "price": 97.13
    },
    {
      "date": "2024-09-06",
      "price": -107.15
    },
    {
      "date": "2024-01-22",
      "price": 89.18
    },
    {
      "date": "2024-01-09",
      "price": 100.89
    },
    {
      "date": "2025-01-31",
      "price": 101.56
    },
    {
      "date": "2024-04-10",
      "price": 107.54
    },
    {
      "date": "2023-04-26",
      "price": 98.92
    },
    {
      "date": "2024-06-21",
      "price": 98.15
    },
    {
      "date": "2024-02-20",
      "price": 103.75
    },
    {
      "date": "2023-11-30",
      "price": 92.75
    },
    {
      "date": "2025-03-05",
      "price": 110.85
    },
    {
      "date": "2024-07-03",
      "price": 97.84
    },
    {
      "date": "2023-10-26",
      "price": 92.08
    },
    {
      "date": "2024-08-26",
      "price": 102.62
    },
    {
      "date": "2024-09-20",
      "price": 105.72
    },
    {
      "date": "2024-01-12",
      "price": 103.92
    },
    {
      "date": "2023-09-29",
      "price": 94.16
    },
    {
      "date": "2023-12-29",
      "price": 102.84
    },
    {
      "date": "2024-09-17",
      "price": 93.04
    },
    {
      "date": "2024-10-08",
      "price": 101.11
    },
    {
      "date": "2023-05-30",
      "price": 103.69
    },
    {
      "date": "2024-04-08",
      "price": 100.3
    },
    {
      "date": "2024-08-19",
      "price": 104.41
    },
    {
      "date": "2023-08-08",
      "price": 99.32
    },
    {
      "date": "2024-07-23",
      "price": 94.07
    },
    {
      "date": "2023-11-28",
      "price": 103.88
    },
    {
      "date": "2024-01-08",
      "price": 106.09
    },
    {
      "date": "2025-01-28",
      "price": 108.49
    },
    {
      "date": "2023-11-21",
      "price": 100.16
    },
    {
      "date": "2024-04-01",
      "price": 101.65
    },
    {
      "date": "2023-09-28",
      "price": 104.37
    },
    {
      "date": "2025-02-20",
      "price": -103.54
    },
    {
      "date": "2024-11-15",
      "price": 101.28
    },
    {
      "date": "2024-10-01",
      "price": 113.39
    },
    {
      "date": "2023-05-10",
      "price": 93.24
    },
    {
      "date": "2024-12-09",
      "price": 98.56
    },
    {
      "date": "2024-09-18",
      "price": 106.28
    },
    {
      "date": "2023-07-05",
      "price": 95.9
    },
    {
      "date": "2024-03-15",
      "price": 94.79
    },
    {
      "date": "2025-02-05",
      "price": 98.63
    },
    {
      "date": "2023-08-04",
      "price": 98.02
    },
    {
      "date": "2024-12-23",
      "price": 95.4
    },
    {
      "date": "2024-06-19",
      "price": 95.09
    },
    {
      "date": "2024-01-29",
      "price": 94.76
    },
    {
      "date": "2024-11-07",
      "price": 112.12
    },
    {
      "date": "2023-05-25",
      "price": 103.54
    },
    {
      "date": "2024-11-08",
      "price": 97.54
    },
    {
      "date": "2024-02-22",
      "price": 102.99
    },
    {
      "date": "2024-02-08",
      "price": 96.02
    },
    {
      "date": "2024-05-21",
      "price": 108.01
    },
    {
      "date": "2023-09-15",
      "price": 101.92
    },
    {
      "date": "2024-09-27",
      "price": 96.15
    },
    {
      "date": "2024-12-17",
      "price": 108.27
    },
    {
      "date": "2024-09-02",
      "price": 103.42
    },
    {
      "date": "2024-06-14",
      "price": 107.84
    },
    {
      "date": "2023-11-09",
      "price": -103.42
    },
    {
      "date": "2024-06-24",
      "price": 95.36
    },
    {
      "date": "2024-05-06",
      "price": -101.98
    },
    {
      "date": "2023-06-15",
      "price": 97.18
    },
    {
      "date": "2024-04-26",
      "price": 90.48
    },
    {
      "date": "2023-05-12",
      "price": 99.33
    },
    {
      "date": "2023-07-25",
      "price": 101.28
    },
    {
      "date": "2023-06-27",
      "price": 97.94
    },
    {
      "date": "2024-07-02",
      "price": 96.39
    },
    {
      "date": "2023-06-05",
      "price": 96.22
    },
    {
      "date": "2024-10-22",
      "price": 105.8
    },
    {
      "date": "2023-10-25",
      "price": 102.88
    },
    {
      "date": "2023-08-22",
      "price": 98.61
    },
    {
      "date": "2023-03-30",
      "price": 98.15
    },
    {
      "date": "2024-01-02",
      "price": 109.47
    },
    {
      "date": "2023-07-24",
      "price": 98.35
    },
    {
      "date": "2024-05-30",
      "price": 105.26
    },
    {
      "date": "2023-07-11",
      "price": 106.11
    },
    {
      "date": "2025-01-02",
      "price": 106.05
    },
    {
      "date": "2023-05-23",
      "price": 96.73
    },
    {
      "date": "2023-05-08",
      "price": 103.22
    },
    {
      "date": "2024-03-22",
      "price": 97.99
    },
    {
      "date": "2024-02-12",
      "price": 97.37
    },
    {
      "date": "2024-11-29",
      "price": 105.59
    },
    {
      "date": "2024-04-12",
      "price": 102.79
    },
    {
      "date": "2025-03-06",
      "price": -103.92
    },
    {
      "date": "2024-11-05",
      "price": 97.87
    },
    {
      "date": "2024-11-14",
      "price": 108.0
    },
    {
      "date": "2025-01-03",
      "price": 101.05
    },
    {
      "date": "2024-07-08",
      "price": 94.75
    },
    {
      "date": "2023-11-03",
      "price": 98.4
    },
    {
      "date": "2023-09-07",
      "price": 95.55
    },
    {
      "date": "2024-05-16",
      "price": 99.08
    },
    {
      "date": "2024-12-11",
      "price": 101.83
    },
    {
      "date": "2024-02-14",
      "price": 89.19
    },
    {
      "date": "2023-07-19",
      "price": 98.43
    },
    {
      "date": "2024-06-05",
      "price": 110.84
    },
    {
      "date": "2025-02-03",
      "price": 98.01
    },
    {
      "date": "2023-04-19",
      "price": 97.07
    },
    {
      "date": "2024-05-27",
      "price": 101.88
    },
    {
      "date": "2024-06-25",
      "price": 95.73
    },
    {
      "date": "2023-04-27",
      "price": 103.02
    },
    {
      "date": "2023-08-01",
      "price": 96.07
    },
    {
      "date": "2024-09-16",
      "price": 92.49
    },
    {
      "date": "2023-06-29",
      "price": 103.0
    },
    {
      "date": "2023-07-03",
      "price": 106.79
    },
    {
      "date": "2024-01-30",
      "price": 96.64
    },
    {
      "date": "2024-04-03",
      "price": 90.87
    },
    {
      "date": "2023-04-04",
      "price": 102.34
    },
    {
      "date": "2024-03-21",
      "price": 96.52
    },
    {
      "date": "2025-01-22",
      "price": 99.28
    },
    {
      "date": "2024-12-02",
      "price": 101.05
    },
    {
      "date": "2024-10-03",
      "price": 101.46
    },
    {
      "date": "2023-09-04",
      "price": 106.78
    },
    {
      "date": "2025-01-01",
      "price": 96.81
    },
    {
      "date": "2024-04-11",
      "price": 101.64
    },
    {
      "date": "2024-06-20",
      "price": 99.57
    },
    {
      "date": "2024-02-09",
      "price": 104.15
    },
    {
      "date": "2024-04-04",
      "price": 97.03
    },
    {
      "date": "2024-04-25",
      "price": 99.92
    },
    {
      "date": "2023-08-09",
      "price": 93.94
    },
    {
      "date": "2023-07-13",
      "price": 98.67
    },
    {
      "date": "2024-01-26",
      "price": 103.87
    },
    {
      "date": "2024-11-20",
      "price": 94.22
    },
    {
      "date": "2023-12-14",
      "price": 105.82
    },
    {
      "date": "2023-04-20",
      "price": 97.18
    },
    {
      "date": "2024-06-18",
      "price": 99.16
    },
    {
      "date": "2024-10-24",
      "price": 96.55
    },
    {
      "date": "2023-09-19",
      "price": 111.63
    },
    {
      "date": "2023-09-13",
      "price": 95.75
    },
    {
      "date": "2024-12-24",
      "price": 100.85
    },
    {
      "date": "2025-01-23",
      "price": 106.66
    },
    {
      "date": "2023-08-18",
      "price": 103.28
    },
    {
      "date": "2023-08-02",
      "price": 97.85
    },
    {
      "date": "2024-11-26",
      "price": 86.28
    },
    {
      "date": "2025-02-12",
      "price": 106.31
    },
    {
      "date": "2024-08-29",
      "price": 105.19
    },
    {
      "date": "2023-07-14",
      "price": 103.46
    },
    {
      "date": "2023-11-08",
      "price": 91.05
    },
    {
      "date": "2024-12-04",
      "price": 105.65
    },
    {
      "date": "2024-07-09",
      "price": 89.9
    },
    {
      "date": "2024-03-11",
      "price": 89.54
    },
    {
      "date": "2024-03-25",
      "price": 90.73
    },
    {
      "date": "2023-11-17",
      "price": 106.17
    },
    {
      "date": "2023-11-16",
      "price": 97.83
    },
    {
      "date": "2024-01-25",
      "price": 100.55
    },
    {
      "date": "2023-03-20",
      "price": 96.04
    },
    {
      "date": "2023-04-10",
      "price": 102.3
    },
    {
      "date": "2025-02-11",
      "price": 99.13
    },
    {
      "date": "2024-03-08",
      "price": 101.43
    },
    {
      "date": "2024-03-07",
      "price": 93.95
    },
    {
      "date": "2024-10-28",
      "price": 102.01
    },
    {
      "date": "2024-10-21",
      "price": 103.46
    },
    {
      "date": "2024-08-08",
      "price": 106.26
    },
    {
      "date": "2024-12-10",
      "price": 99.26
    },
    {
      "date": "2024-05-15",
      "price": 100.13
    },
    {
      "date": "2024-05-17",
      "price": 96.46
    },
    {
      "date": "2025-02-21",
      "price": 100.3
    },
    {
      "date": "2024-10-04",
      "price": 102.53
    },
    {
      "date": "2023-06-08",
      "price": 101.93
    },
    {
      "date": "2024-07-22",
      "price": 99.03
    },
    {
      "date": "2024-08-30",
      "price": 97.1
    },
    {
      "date": "2023-03-28",
      "price": 92.73
    },
    {
      "date": "2025-01-09",
      "price": 90.62
    },
    {
      "date": "2023-03-14",
      "price": 100.27
    },
    {
      "date": "2023-10-19",
      "price": 112.23
    },
    {
      "date": "2024-03-05",
      "price": 96.33
    },
    {
      "date": "2023-06-28",
      "price": 99.03
    },
    {
      "date": "2024-04-22",
      "price": 95.25
    },
    {
      "date": "2023-08-10",
      "price": 95.55
    },
    {
      "date": "2024-04-15",
      "price": 106.1
    },
    {
      "date": "2025-01-27",
      "price": 100.28
    },
    {
      "date": "2024-10-16",
      "price": 101.96
    },
    {
      "date": "2025-02-28",
      "price": 106.42
    },
    {
      "date": "2024-11-13",
      "price": 94.42
    },
    {
      "date": "2024-04-02",
      "price": 102.88
    },
    {
      "date": "2024-01-19",
      "price": 95.75
    },
    {
      "date": "2024-04-18",
      "price": 98.33
    },
    {
      "date": "2023-06-07",
      "price": 102.53
    },
    {
      "date": "2024-09-13",
      "price": 105.78
    },
    {
      "date": "2023-03-13",
      "price": 102.13
    },
    {
      "date": "2023-03-27",
      "price": 102.63
    },
    {
      "date": "2024-07-05",
      "price": 102.02
    },
    {
      "date": "2023-06-21",
      "price": 88.2
    },
    {
      "date": "2024-10-23",
      "price": 98.82
    },
    {
      "date": "2023-05-04",
      "price": 105.3
    },
    {
      "date": "2024-05-07",
      "price": 98.7
    },
    {
      "date": "2024-04-24",
      "price": 102.02
    },
    {
      "date": "2023-12-20",
      "price": -96.09
    },
    {
      "date": "2024-03-20",
      "price": 97.0
    },
    {
      "date": "2023-04-14",
      "price": 99.79
    },
    {
      "date": "2023-10-05",
      "price": 99.49
    },
    {
      "date": "2024-09-26",
      "price": 103.98
    },
    {
      "date": "2023-04-25",
      "price": 104.44
    },
    {
      "date": "2025-02-27",
      "price": 95.57
    },
    {
      "date": "2023-11-06",
      "price": 93.43
    },
    {
      "date": "2024-06-28",
      "price": 99.28
    },
    {
      "date": "2024-05-08",
      "price": 94.59
    },
    {
      "date": "2023-08-28",
      "price": 98.78
    },
    {
      "date": "2024-03-04",
      "price": 101.79
    },
    {
      "date": "2024-10-14",
      "price": 98.64
    },
    {
      "date": "2024-12-12",
      "price": 99.86
    },
    {
      "date": "2023-11-29",
      "price": 95.21
    },
    {
      "date": "2024-07-11",
      "price": 109.78
    },
    {
      "date": "2023-06-06",
      "price": 102.3
    },
    {
      "date": "2024-04-23",
      "price": 94.56
    },
    {
      "date": "2023-12-21",
      "price": 92.54
    },
    {
      "date": "2024-08-28",
      "price": 104.79
    },
    {
      "date": "2025-01-07",
      "price": 103.06
    },
    {
      "date": "2023-08-21",
      "price": 96.91
    },
    {
      "date": "2024-11-27",
      "price": 86.81
    },
    {
      "date": "2023-08-07",
      "price": 100.85
    },
    {
      "date": "2024-01-18",
      "price": 101.68
    },
    {
      "date": "2025-01-08",
      "price": 114.39
    },
    {
      "date": "2023-04-06",
      "price": 88.15
    },
    {
      "date": "2024-03-12",
      "price": 112.39
    },
    {
      "date": "2024-02-16",
      "price": 103.05
    },
    {
      "date": "2023-07-27",
      "price": 113.48
    },
    {
      "date": "2024-04-17",
      "price": 88.48
    },
    {
      "date": "2024-03-01",
      "price": 98.42
    },
    {
      "date": "2024-09-10",
      "price": 111.1
    },
    {
      "date": "2024-08-21",
      "price": 101.44
    },
    {
      "date": "2024-08-09",
      "price": 98.75
    },
    {
      "date": "2024-08-27",
      "price": 102.35
    },
    {
      "date": "2023-09-05",
      "price": 96.48
    },
    {
      "date": "2024-08-15",
      "price": 108.51
    },
    {
      "date": "2023-04-07",
      "price": 111.88
    },
    {
      "date": "2023-06-26",
      "price": 98.55
    },
    {
      "date": "2024-05-22",
      "price": 104.93
    },
    {
      "date": "2023-08-31",
      "price": 100.55
    },
    {
      "date": "2025-01-21",
      "price": 105.58
    },
    {
      "date": "2023-07-26",
      "price": 91.94
    },
    {
      "date": "2024-07-31",
      "price": 101.54
    },
    {
      "date": "2024-11-11",
      "price": 102.64
    },
    {
      "date": "2024-07-17",
      "price": 102.39
    },
    {
      "date": "2023-12-26",
      "price": 98.1
    },
    {
      "date": "2023-12-01",
      "price": 100.09
    },
    {
      "date": "2024-09-09",
      "price": 104.13
    },
    {
      "date": "2024-01-03",
      "price": 97.68
    },
    {
      "date": "2023-08-03",
      "price": 106.25
    },
    {
      "date": "2023-12-05",
      "price": 104.71
    },
    {
      "date": "2023-07-31",
      "price": 99.83
    },
    {
      "date": "2023-09-01",
      "price": 93.97
    },
    {
      "date": "2023-06-12",
      "price": 88.93
    },
    {
      "date": "2023-10-23",
      "price": 104.37
    },
    {
      "date": "2023-08-17",
      "price": 96.55
    },
    {
      "date": "2023-09-14",
      "price": 108.58
    },
    {
      "date": "2023-12-11",
      "price": 98.74
    },
    {
      "date": "2025-01-30",
      "price": 93.31
    },
    {
      "date": "2024-02-01",
      "price": 102.8
    },
    {
      "date": "2024-12-20",
      "price": 90.23
    },
    {
      "date": "2023-08-30",
      "price": 100.22
    },
    {
      "date": "2025-01-29",
      "price": 101.88
    },
    {
      "date": "2023-12-08",
      "price": 104.32
    },
    {
      "date": "2023-09-12",
      "price": 105.61
    },
    {
      "date": "2023-12-12",
      "price": 96.44
    },
    {
      "date": "2023-09-22",
      "price": 97.07
    },
    {
      "date": "2024-12-25",
      "price": 92.09
    },
    {
      "date": "2024-05-31",
      "price": 102.57
    },
    {
      "date": "2023-09-25",
      "price": 97.28
    },
    {
      "date": "2025-02-19",
      "price": 102.81
    },
    {
      "date": "2024-05-23",
      "price": 105.37
    },
    {
      "date": "2025-01-14",
      "price": 101.03
    },
    {
      "date": "2023-05-09",
      "price": 104.12
    },
    {
      "date": "2023-05-26",
      "price": 100.35
    },
    {
      "date": "2024-02-06",
      "price": 104.09
    },
    {
      "date": "2023-12-22",
      "price": 107.3
    },
    {
      "date": "2024-12-27",
      "price": 103.77
    },
    {
      "date": "2024-02-02",
      "price": 101.04
    },
    {
      "date": "2025-01-06",
      "price": 98.13
    },
    {
      "date": "2023-08-29",
      "price": 97.2
    },
    {
      "date": "2024-09-30",
      "price": 98.67
    },
    {
      "date": "2023-07-12",
      "price": 99.27
    },
    {
      "date": "2024-03-14",
      "price": 99.56
    },
    {
      "date": "2023-04-21",
      "price": 96.58
    },
    {
      "date": "2024-01-17",
      "price": 103.18
    },
    {
      "date": "2025-02-18",
      "price": 106.95
    },
    {
      "date": "2023-05-01",
      "price": 99.65
    },
    {
      "date": "2024-08-06",
      "price": 103.46
    },
    {
      "date": "2023-09-21",
      "price": 113.25
    },
    {
      "date": "2023-10-24",
      "price": 97.64
    },
    {
      "date": "2025-01-13",
      "price": 93.72
    },
    {
      "date": "2024-06-26",
      "price": -102.88
    },
    {
      "date": "2023-08-25",
      "price": 98.28
    },
    {
      "date": "2023-05-24",
      "price": 105.95
    },
    {
      "date": "2025-01-17",
      "price": 101.31
    },
    {
      "date": "2023-06-16",
      "price": 96.94
    },
    {
      "date": "2024-05-03",
      "price": 110.65
    },
    {
      "date": "2024-06-11",
      "price": 108.53
    },
    {
      "date": "2025-01-16",
      "price": 104.48
    },
    {
      "date": "2024-08-23",
      "price": 102.27
    },
    {
      "date": "2025-01-20",
      "price": 104.95
    },
    {
      "date": "2023-07-10",
      "price": 104.56
    },
    {
      "date": "2024-11-19",
      "price": 105.15
    },
    {
      "date": "2023-08-24",
      "price": 90.59
    },
    {
      "date": "2023-05-17",
      "price": 105.53
    },
    {
      "date": "2023-05-19",
      "price": 100.92
    },
    {
      "date": "2024-01-15",
      "price": 99.73
    },
    {
      "date": "2024-12-18",
      "price": 102.32
    },
    {
      "date": "2025-03-10",
      "price": 100.97
    },
    {
      "date": "2024-10-30",
      "price": 92.57
    },
    {
      "date": "2024-07-15",
      "price": 98.21
    },
    {
      "date": "2023-09-06",
      "price": 100.35
    },
    {
      "date": "2023-04-05",
      "price": 92.97
    },
    {
      "date": "2024-07-12",
      "price": 91.76
    },
    {
      "date": "2025-02-24",
      "price": 105.45
    },
    {
      "date": "2023-06-09",
      "price": 93.96
    },
    {
      "date": "2024-06-10",
      "price": 100.08
    },
    {
      "date": "2024-11-04",
      "price": 98.66
    },
    {
      "date": "2024-01-11",
      "price": 99.27
    },
    {
      "date": "2024-05-20",
      "price": 105.22
    },
    {
      "date": "2023-05-15",
      "price": 100.59
    },
    {
      "date": "2023-12-25",
      "price": 100.7
    },
    {
      "date": "2024-06-12",
      "price": 93.75
    },
    {
      "date": "2024-10-18",
      "price": 97.84
    },
    {
      "date": "2025-02-10",
      "price": 94.64
    },
    {
      "date": "2024-08-02",
      "price": 109.79
    },
    {
      "date": "2025-02-25",
      "price": 96.39
    },
    {
      "date": "2023-03-16",
      "price": 98.02
    },
    {
      "date": "2025-02-14",
      "price": 103.2
    },
    {
      "date": "2023-10-10",
      "price": -105.15
    },
    {
      "date": "2024-06-07",
      "price": 97.16
    },
    {
      "date": "2023-07-06",
      "price": 102.79
    },
    {
      "date": "2023-05-29",
      "price": 93.12
    },
    {
      "date": "2024-07-01",
      "price": 104.36
    },
    {
      "date": "2024-05-24",
      "price": 105.43
    },
    {
      "date": "2024-02-29",
      "price": 104.52
    },
    {
      "date": "2024-05-09",
      "price": 100.72
    },
    {
      "date": "2023-08-15",
      "price": 105.7
    },
    {
      "date": "2024-10-10",
      "price": 100.83
    },
    {
      "date": "2023-11-01",
      "price": 96.62
    },
    {
      "date": "2024-01-01",
      "price": 106.85
    },
    {
      "date": "2023-06-30",
      "price": 100.02
    },
    {
      "date": "2023-08-14",
      "price": 103.43
    },
    {
      "date": "2024-02-23",
      "price": 96.8
    },
    {
      "date": "2024-12-26",
      "price": 97.15
    },
    {
      "date": "2023-05-02",
      "price": 101.53
    },
    {
      "date": "2023-05-31",
      "price": 99.28
    },
    {
      "date": "2024-03-18",
      "price": 97.92
    },
    {
      "date": "2023-06-20",
      "price": 108.84
    },
    {
      "date": "2024-05-01",
      "price": 95.13
    },
    {
      "date": "2024-04-29",
      "price": 106.02
    },
    {
      "date": "2023-10-20",
      "price": 103.38
    },
    {
      "date": "2024-09-24",
      "price": -103.0
    },
    {
      "date": "2024-08-14",
      "price": 102.46
    },
    {
      "date": "2025-03-07",
      "price": 102.99
    },
    {
      "date": "2025-03-03",
      "price": 102.84
    },
    {
      "date": "2023-06-23",
      "price": 97.38
    },
    {
      "date": "2024-07-30",
      "price": 100.93
    },
    {
      "date": "2024-08-16",
      "price": 97.89
    },
    {
      "date": "2023-03-22",
      "price": 108.55
    },
    {
      "date": "2024-10-29",
      "price": 97.7
    },
    {
      "date": "2023-12-13",
      "price": 111.44
    },
    {
      "date": "2023-10-12",
      "price": 103.56
    },
    {
      "date": "2024-10-09",
      "price": 98.15
    },
    {
      "date": "2024-03-19",
      "price": 96.83
    },
    {
      "date": "2024-07-24",
      "price": 101.01
    },
    {
      "date": "2025-01-24",
      "price": 96.29
    },
    {
      "date": "2024-11-28",
      "price": 102.85
    },
    {
      "date": "2024-05-02",
      "price": 98.12
    },
    {
      "date": "2023-10-13",
      "price": 104.64
    },
    {
      "date": "2023-04-17",
      "price": 89.23
    },
    {
      "date": "2024-01-04",
      "price": 98.5
    },
    {
      "date": "2024-10-25",
      "price": 100.43
    },
    {
      "date": "2023-12-04",
      "price": 94.15
    },
    {
      "date": "2024-07-04",
      "price": 94.45
    },
    {
      "date": "2023-04-11",
      "price": 104.5
    },
    {
      "date": "2023-06-02",
      "price": 98.71
    },
    {
      "date": "2024-12-30",
      "price": 106.4
    },
    {
      "date": "2024-10-07",
      "price": 99.99
    },
    {
      "date": "2023-12-28",
      "price": 90.62
    },
    {
      "date": "2024-10-11",
      "price": 109.95
    },
    {
      "date": "2024-06-06",
      "price": 106.52
    },
    {
      "date": "2024-02-15",
      "price": 98.55
    },
    {
      "date": "2024-07-25",
      "price": 103.96
    },
    {
      "date": "2023-07-21",
      "price": 102.91
    },
    {
      "date": "2023-07-07",
      "price": 102.05
    },
    {
      "date": "2023-05-18",
      "price": 95.69
    },
    {
      "date": "2023-07-18",
      "price": 96.48
    },
    {
      "date": "2024-08-01",
      "price": 102.95
    },
    {
      "date": "2024-09-11",
      "price": 98.47
    },
    {
      "date": "2024-01-31",
      "price": 94.99
    },
    {
      "date": "2023-12-18",
      "price": 98.24
    },
    {
      "date": "2024-04-19",
      "price": 97.01
    },
    {
      "date": "2024-09-04",
      "price": 101.63
    },
    {
      "date": "2023-04-28",
      "price": 100.34
    },
    {
      "date": "2024-08-07",
      "price": 93.4
    },
    {
      "date": "2024-12-03",
      "price": 98.06
    },
    {
      "date": "2024-05-10",
      "price": 89.66
    },
    {
      "date": "2023-07-17",
      "price": 97.12
    },
    {
      "date": "2023-11-27",
      "price": 92.18
    },
    {
      "date": "2023-11-14",
      "price": 95.36
    },
    {
      "date": "2024-09-03",
      "price": 101.49
    },
    {
      "date": "2023-07-04",
      "price": 100.44
    },
    {
      "date": "2024-12-31",
      "price": 95.52
    }
  ]
}